State,clinton,sanders,cruz,rubio,trump
topic 0: gun_control,0.0657021219521,0.0233280938638,0.041829004329,0.155430194805,0.313356973755
topic 1: primaries,0.122740494568,0.075780659486,0.128276221518,0.16124333256,0.249432832339
topic 2: health_edu,0.081277765299,0.0248986149751,0.111998029071,0.0615079365079,0.090999862066
topic 3: media_promo,0.10806344697,0.0604506111843,0.0999574255756,0.131389735093,0.121800536247
topic 4: policy,0.0463046069957,0.0682525202421,0.0596666377176,0.0322938569367,0.010880997263
